cv_strategy,model,n,accuracy,balanced_accuracy,macro_f1,weighted_f1,log_loss
citation_overlap_conservative,random_forest_balanced,6148,0.879472999349382,0.8086053237087925,0.8091201460843395,0.879431355235997,0.3685870835934733
citation_overlap_conservative,logistic_balanced,6148,0.8420624593363696,0.7965533359453345,0.7698465599399839,0.8471535136270978,0.6022398520093478
